sweep_id,mae/x,mae/y,mae/z,mae/pitch,mae/roll,mae/yaw,drift/final_drift_rate,drift/avg_drift_rate,drift/max_drift,drift/sum_of_drift,drift/hausdorff,ddf/5pt-avg_global_displacement_error,ddf/5pt-max_global_displacement_error,ddf/5pt-avg_local_displacement_error,ddf/5pt-max_local_displacement_error,ddf/5pt-tusrec_final_score,ddf/5pt-relative_global_err_pct,inference_time,total_time
sweep_00000,2.591567630895082,1.321739920126015,7.303771664080288,7.320027125932387,2.8810807856869776,2.1912569044111203,11.838259182914072,12.176772477165963,16.133312833380366,3135.4905568651093,16.093006689266875,10.78779125213623,21.923954010009766,0.21682991087436676,0.7890625,0.6165753273448076,0.1708681285381317,0.9486672878265381,3.677312135696411
sweep_00001,4.972377995807871,10.317506979009826,16.091568095192635,11.173779949182459,8.656331924204094,4.777305022220312,24.56838427484442,21.304734784159933,46.09378513055136,10527.475670588257,45.21080096126857,23.620134353637695,49.10593795776367,0.23770199716091156,0.8132283091545105,0.6133510369515244,0.26492366194725037,0.9650754928588867,4.474753141403198
sweep_00002,6.791501920065506,11.68375936111405,2.8045783460392846,1.6317553753374088,4.019484757961339,6.039065292099594,20.73035918000545,19.952941753723515,28.73772012076417,3512.440299447862,28.73772012076417,16.570236206054688,34.19094467163086,0.27115046977996826,0.9703308939933777,0.6179603037082062,0.25636211037635803,0.5662376880645752,2.5426084995269775
sweep_00003,10.198038091609837,8.576518107512758,15.783945747791822,10.707703660207642,9.936844435863488,9.809427208801786,29.460820524113256,25.199903792400388,53.0221683069367,11407.534012681845,53.009487928045914,26.9788875579834,60.56142044067383,0.18335387110710144,0.6199531555175781,0.6293829177103807,0.31804537773132324,0.9521584510803223,4.347579002380371
sweep_00004,7.082362399667252,17.180320692204287,23.46262866989007,13.194310897284973,13.057913477933743,9.54396179211048,44.14252866084118,40.183520611765225,65.8220033967587,13065.495589543158,65.74917430056684,35.284889221191406,68.57730102539062,0.3131941556930542,1.3347927331924438,0.625416985021264,0.43968814611434937,0.7611143589019775,3.7803919315338135
sweep_00005,5.6731268198971305,8.475852709396749,10.612194322230962,4.882805566790585,8.41351995346214,9.120051769250937,26.512235213663466,33.26023409573223,39.83003498585989,7717.691015901034,39.485402122526075,23.02962875366211,53.52485275268555,0.2745429277420044,0.867465615272522,0.6266254898220653,0.3740001320838928,0.8252658843994141,3.896574020385742
sweep_00006,11.022042645773821,10.1009194984746,13.345679007897198,6.953125150993883,19.442392335554405,5.140320760702166,37.38344875528673,28.881519078560256,50.90313631081746,11048.425142961667,48.51584594954183,30.48046875,65.73094177246094,0.2626480460166931,0.7975655794143677,0.6034860755881697,0.411307156085968,0.9061243534088135,5.663107633590698
sweep_00007,6.73952506500786,7.922781170152261,31.22409827924642,6.794322405008184,11.580951859977354,5.705216562882704,50.391878383466924,45.4533566458136,68.97888079971315,17247.738707022647,66.7222977956241,36.47865676879883,71.62283325195312,0.25857314467430115,0.9066616892814636,0.6027457202218713,0.5626134872436523,0.9149856567382812,4.3773109912872314
sweep_00008,7.406277461156025,7.970868167023166,14.113398338455484,7.248049882613176,13.264543509482676,2.9339155402833064,22.43201917255143,20.542391319595495,35.82291122537397,6235.131672369015,35.117091336760396,23.012176513671875,39.76261901855469,0.24012884497642517,0.9830137491226196,0.5884914153007724,0.2548244297504425,0.6969311237335205,3.3660054206848145
sweep_00009,5.700016733462074,5.448955840998088,29.303691640286928,4.678209526689371,3.2650669976277267,1.5371766267411973,27.043053745139883,31.777539146978945,51.17168822716262,14500.249469340306,51.17168822716262,30.753564834594727,52.18389892578125,0.247175931930542,4.527711391448975,0.6780388328793293,0.3228178918361664,0.8418121337890625,4.247472286224365
sweep_00010,8.52292143837843,12.230802862072423,4.138731695352025,9.130785367484439,9.128275852675044,2.0794322115575605,24.50649951020552,22.927004066651893,33.60639315070131,7636.989664268933,33.40788107896016,20.637454986572266,38.6182746887207,0.29606932401657104,0.9407141804695129,0.5754378321192763,0.3062398135662079,0.842806339263916,4.047696828842163
sweep_00011,13.013619975976958,8.319585090395405,18.683225179550146,5.797749246488979,5.439547527386213,5.403312279381131,40.09918803596425,36.61151075356913,58.846181788810064,10647.065335147197,58.846181788810064,25.901456832885742,60.699745178222656,0.328156977891922,1.083050012588501,0.6351461005652232,0.3579385280609131,0.7639389038085938,3.6532440185546875
sweep_00012,5.539575375665525,7.897183897478189,32.47889701570666,10.176430007657938,9.608306081307912,7.869582276716345,30.75826176112752,70.89537867157718,51.949442394486894,16924.36094291646,50.89572924927498,36.51102828979492,56.02045440673828,0.3081301748752594,1.2508761882781982,0.5509619663570671,0.7113780379295349,0.8833451271057129,4.050306081771851
sweep_00013,7.100845613436595,10.290505527587392,11.655867992460461,5.9201711076467465,11.633738315612034,10.153682932850488,23.854896930329026,15.572699820189948,41.730379547111035,10646.662531155263,40.65307507756428,22.738706588745117,49.35395431518555,0.2724876403808594,0.9613122940063477,0.62790951707311,0.2170371413230896,1.0339775085449219,6.546536922454834
sweep_00014,10.45922737779397,10.22480626166836,7.478262901768057,3.3951428249039055,12.456766954721358,6.238848937143398,23.46854134353635,16.639927685525723,39.0160257941093,7816.978437829511,38.860750279668935,22.662796020507812,42.955020904541016,0.2000262439250946,0.8481433987617493,0.6182831160851124,0.268667995929718,0.8317687511444092,4.098105430603027
sweep_00015,12.41091622753598,3.8863085622213815,18.52431127768543,17.42421914085829,6.531253778716069,5.291601620035603,23.21582829209488,30.557150726825817,44.44369686033165,15390.437443347244,44.12054716663677,28.233753204345703,53.6931037902832,0.2028261125087738,0.999397873878479,0.6356079712714723,0.3746594190597534,1.2199018001556396,6.2430126667022705
sweep_00016,2.919356199463748,4.9535351351680585,5.797532838177253,6.533119045375343,9.72035337986178,5.8235516489206836,24.202555593497905,14.71575604138014,24.33535024907848,4756.134154453526,20.93114656488066,16.72723960876465,29.961502075195312,0.2723366916179657,1.0486739873886108,0.5910063356636304,0.31517496705055237,0.9406499862670898,4.377552509307861
sweep_00017,4.925438282947619,3.7665295557299783,15.225530024043572,14.85326595197216,2.775481842685479,3.571360007753031,22.52422445150742,49.976111626272115,29.282913450816018,11290.120273518054,29.201274582271186,22.502199172973633,38.98377227783203,0.30987975001335144,0.9582465291023254,0.549699140767035,0.5311812162399292,1.130389928817749,5.209498643875122
sweep_00018,4.930304996752521,6.133043224351808,23.512849355960242,7.011478548914259,6.513904565511111,1.227237690166987,28.154484149855787,33.092910157099304,47.658516108502205,12512.861896399943,47.46613942921565,26.024097442626953,48.34492111206055,0.22489948570728302,0.8399446606636047,0.596972165511312,0.31123465299606323,0.8851125240325928,4.140719652175903
sweep_00019,5.11640257131815,4.694780256068028,31.709206076711908,4.924174526362613,6.5987884040932725,9.383417624040176,36.48588901966547,34.169458578589186,69.70195154903563,20618.27833391813,68.78834860502594,36.0853157043457,72.97818756103516,0.2892463803291321,1.1094650030136108,0.6224124396410895,0.41599640250205994,1.1089515686035156,5.031554937362671
sweep_00020,4.8718419907647315,3.2374741684283075,23.37753409826109,4.418507673750912,3.579226015376157,3.776732721014625,31.430743486021562,24.059785932258713,56.590397419176156,14236.164702621056,56.590397419176156,24.921438217163086,56.798248291015625,0.19784501194953918,0.611700713634491,0.6188972104082073,0.24930430948734283,2.428446054458618,6.237021207809448
sweep_00021,5.068212226291455,7.302011546702497,40.52409856710244,7.427587222464915,5.048419634605579,10.144482147301307,37.68281768350498,54.455084166435824,67.97485115819433,25054.241591610553,67.90859156377037,44.587467193603516,74.19307708740234,0.2203398048877716,0.9680510759353638,0.5857114562780502,0.5411416292190552,0.9959468841552734,4.897792816162109
sweep_00022,8.106457542041406,1.7009561215194404,28.62936726327749,4.883969616324578,5.417820032554502,3.9667572182024418,33.096994906648675,31.177522219819206,61.182106789068435,20666.722814991117,60.82282316567279,31.258899688720703,62.31903076171875,0.24372854828834534,0.8935195207595825,0.6128158100258451,0.3160315155982971,1.1504027843475342,5.680032253265381
sweep_00023,3.2050460844586404,11.986422623982257,36.534253022231646,11.685848485000161,6.901077376406384,16.139799391715737,38.934637942434854,46.49590939299641,67.53073118922042,24128.1938138397,67.20228712306424,46.38181686401367,81.2511978149414,0.3089180290699005,1.0421926975250244,0.5663718309192898,0.48131439089775085,1.1778156757354736,5.338364362716675
sweep_00024,6.422872210859711,13.038812502536919,24.777306402124193,2.275117925564624,11.221358301117181,10.6163273339074,39.178997642810884,27.356609279101235,71.08256966717354,16929.409347925644,67.1856367821253,32.40663528442383,75.04713439941406,0.22848659753799438,0.768184244632721,0.6353728369671523,0.33422577381134033,1.022578239440918,4.853947162628174
sweep_00025,7.4779225510379,10.879474172088422,18.400875561353704,7.303577385718109,2.329131712662449,14.161415481513894,26.818762547278457,24.448736588146453,49.633120851438555,13334.137954298592,49.54506716807263,30.76001739501953,59.556640625,0.25882816314697266,1.0009777545928955,0.6124706203644508,0.3335849344730377,0.9587013721466064,4.610058307647705
sweep_00026,7.1301630871867445,10.085054287636778,32.23856226726584,3.0728984079650736,9.679480639420916,6.097852304885278,44.15052144284693,32.84745207212085,85.66548543466416,16957.3817340623,80.58514685153682,35.48334884643555,86.76963806152344,0.2364448457956314,0.8831801414489746,0.6616713879357989,0.3399512767791748,0.842397928237915,4.20622181892395
sweep_00027,10.551012588442484,8.803876855860985,6.8399474929803254,6.900622814926634,3.2736796059410356,8.448337786278834,21.500942578879577,20.74379782236495,34.68933820984339,6787.443703256352,34.68933820984339,19.33312225341797,40.7956428527832,0.18211990594863892,0.6342381834983826,0.6194754297858296,0.28161585330963135,0.7700240612030029,5.215472459793091
sweep_00028,6.738200479347373,11.295812183267529,44.72705257624903,11.934997708697615,11.144561410193363,5.917205276778606,54.72561809792218,51.11247374641885,106.4849561779202,32027.209113139812,106.4849561779202,47.80470275878906,107.36006927490234,0.26637497544288635,1.5490022897720337,0.6913799854238412,0.5122740268707275,1.1562962532043457,5.376587629318237
sweep_00029,10.76317651459564,16.192747066441612,36.40649633328728,8.138339566787144,4.147435756521541,10.394428171320364,30.92731559816387,48.15099635118053,68.68997941134255,26572.128672906707,68.47452221910913,45.06602096557617,75.53498840332031,0.2597699463367462,1.4112437963485718,0.6096519594974074,0.4957451820373535,1.0412824153900146,5.137153148651123
sweep_00030,8.229906628526379,8.877570271019822,29.894788828730473,14.130884746526425,10.874526335466014,1.1973596582612984,41.89879755571782,34.78254376729275,73.85912020261691,19687.40709820954,66.84975569675568,34.66139602661133,74.87662506103516,0.2142585813999176,0.5120640993118286,0.5593325763937419,0.3697088360786438,1.1247859001159668,4.805956840515137
sweep_00031,1.8913592335039275,19.972944541640768,35.16822377384212,7.81770842425353,6.542053017379632,13.197924081456058,47.83677012204039,45.755858156825454,90.06938152764589,29212.001888311897,89.92933906832005,44.67445373535156,96.3713150024414,0.23538720607757568,1.4857715368270874,0.6890032627551934,0.5027643442153931,1.1866672039031982,5.3864219188690186
sweep_00032,6.124360723116201,4.601159020455601,33.070190609260216,10.187954656938224,3.2074842142901536,4.054839494080842,48.902362576482005,47.06783203925857,77.03480225890452,19299.240537805385,76.78930296740832,34.480567932128906,77.72057342529297,0.181930273771286,0.5177789926528931,0.602492729516477,0.46559664607048035,0.9647295475006104,4.653188705444336
sweep_00033,2.903854303310937,13.653114485296735,10.011055808418437,8.438017255826049,2.803957955875432,8.871953374329477,28.784781771112517,29.91891666028005,37.18055870816984,7348.38299160781,37.18055870816984,21.478557586669922,42.85442352294922,0.1797114908695221,5.377893447875977,0.7326925737451674,0.3533030152320862,0.8152315616607666,5.223379135131836
sweep_00034,5.0324047384038595,7.127382664183679,31.598501423768163,9.658178977683278,4.774686956793801,7.027989390945332,42.656329258909466,40.137240438602156,73.06714216837108,19953.0497751726,73.06551635963366,35.1643180847168,73.8624496459961,0.22808551788330078,7.0643486976623535,0.7458173700837951,0.4252740740776062,1.033820390701294,5.336756467819214
sweep_00035,3.013307487613186,8.21317762204905,35.29385591351135,5.294056150859449,5.251651913932682,13.512237148230296,47.048873739596466,57.84009301780176,69.37124764073795,23021.97911707854,68.94028996940155,41.33376693725586,74.67235565185547,0.2213895320892334,0.7757939100265503,0.5805466806638808,0.6034114360809326,1.0356907844543457,4.898304462432861
sweep_00036,5.857952508462597,13.258024252149477,12.882226332644533,7.0087029800123375,5.917620511217735,8.928543171775788,28.886730309727543,23.804479493846028,55.74953685750995,13287.890702091518,55.74953685750995,23.992219924926758,60.00590896606445,0.2501097619533539,1.1853859424591064,0.694587336421953,0.29863324761390686,1.1225576400756836,5.095228672027588
sweep_00037,3.5350767209148133,19.461841471664613,6.0851104715044615,2.604921064507403,9.180088985342337,16.40164802972064,26.504950995260547,19.105219886758835,51.118654673132426,9850.32740977997,47.65158709576355,30.59775733947754,59.20062255859375,0.2483544498682022,1.1974952220916748,0.6378782430279362,0.293064683675766,0.794466495513916,3.9338858127593994
sweep_00038,12.582089424155159,10.838920061643844,11.234032174426686,4.7079324884004725,7.620856844811297,9.65078122895636,25.39060022726075,29.04921939619833,42.34651274097818,12048.555143895015,41.73822025286097,23.905927658081055,46.24155807495117,0.21125568449497223,0.8593119382858276,0.6185889388694288,0.3191271722316742,1.0338513851165771,4.692523956298828
sweep_00039,6.878944175864867,9.158442573063182,8.317242519551305,13.206437616100319,4.228805286555854,11.017523559980816,22.660327805486165,17.60718197555501,37.22059268266133,6130.1661684314695,37.22059268266133,23.3557186126709,49.01425552368164,0.21823439002037048,0.6641237139701843,0.5974431430059814,0.3016085624694824,0.7330968379974365,3.705134868621826
sweep_00040,10.444757635444489,7.930546248005482,12.55439418152403,5.698822360973926,7.1762189211647325,6.888246027263399,29.900590105902108,29.013662097228785,52.22662878986043,12838.41205477668,51.29174137452774,23.123186111450195,53.74253463745117,0.2702692747116089,1.429206132888794,0.6903184776556051,0.33130356669425964,1.1454181671142578,6.778587579727173
sweep_00041,4.791751383308329,3.81780084899068,16.74034829428407,11.608830265316623,6.179384527957348,6.405433191058093,21.090117841969523,20.50782596313664,37.847311509877514,11297.89134010782,37.847311509877514,22.661161422729492,45.689796447753906,0.2142358422279358,0.9023947715759277,0.6333066406097596,0.2586335241794586,1.0616803169250488,4.959105730056763
sweep_00042,12.913158470949478,12.41775379867179,16.50025862742852,7.23320265810399,12.214955948163038,1.9766305094354,33.06418036411864,29.420048460479936,62.09718079092527,15141.893490861357,60.38083890096378,29.07533836364746,64.70020294189453,0.22024692595005035,1.147665023803711,0.6793528488238679,0.3417889177799225,1.0307848453521729,4.600213289260864
sweep_00043,7.819084411055264,10.86785226408243,27.597217097806304,4.908774010574724,14.211270376388661,5.889471376704205,36.0464726416526,23.64423994384913,76.20186221272377,18015.793086401478,66.25010753018047,32.93840408325195,78.58570098876953,0.24428397417068481,1.2700486183166504,0.6942589308333119,0.24732543528079987,0.9393506050109863,4.353659152984619
sweep_00044,9.220372721954272,4.4854953435882265,25.084599929185877,4.989254183195856,6.1106197613691124,1.6238987297557588,28.1048625374341,30.173389060121043,50.60095672226405,13904.27550937845,50.25709235840192,27.595186233520508,51.44426345825195,0.1999814808368683,0.7673258185386658,0.6014846339804826,0.29437315464019775,0.892845630645752,4.217373371124268
sweep_00045,2.2472401054290705,4.389267492738772,25.444509008174677,2.2200164826474325,5.565370513953361,10.64185931414395,33.208481253624036,26.66027409606306,62.130361012953195,15083.308230653114,62.130361012953195,30.0589599609375,68.88818359375,0.1865418702363968,0.4895193576812744,0.5912921514316312,0.31792891025543213,0.9616396427154541,4.643753528594971
sweep_00046,8.112262207175675,6.72789070069043,24.208627869922807,6.156171461858531,4.329264001347595,4.067414672072937,30.4693795514638,43.71376551013527,56.508470099443436,19615.423990329735,56.508470099443436,28.131839752197266,57.735321044921875,0.22327221930027008,0.7000007629394531,0.5968923795097095,0.3398871421813965,1.205439805984497,6.222214460372925
sweep_00047,12.628562002934634,5.958281483018798,36.43378894701578,4.00397186801173,18.038468655432,8.374309811932093,43.20637254127911,32.25632782655411,90.79934166916185,22968.28663978656,90.79934166916185,43.29257583618164,94.01549530029297,0.2768203914165497,1.1478180885314941,0.6491728146938474,0.3597956597805023,1.0156118869781494,6.456751823425293
sweep_00048,9.030542649681342,11.582556457316423,9.449602734095215,11.342072949034058,3.5230408329746017,3.1006722525026733,19.95818332155286,25.382106444792687,35.25350685030665,10048.120675152339,35.09844996582059,20.216955184936523,38.23472595214844,0.20921751856803894,0.7764326333999634,0.6008905157181623,0.28767716884613037,0.9836077690124512,4.503891706466675
sweep_00049,13.935817806419527,7.195623485859833,4.299938917200689,8.623460968851967,9.632730787200254,9.271655437992077,20.866422077097326,15.797335540668803,39.490340070649445,11307.420478503092,39.40502278895559,23.13235855102539,49.04761505126953,0.19631367921829224,0.9275738596916199,0.658363625358475,0.2441495954990387,1.1017978191375732,5.097140312194824
sweep_00050,15.48705289457486,9.148514807661755,3.009948581887271,2.5423020483234224,3.876757581535434,6.500158929219023,21.772243483938308,22.011133720864763,35.142885004284075,8514.106345252365,35.014723770981355,20.51864242553711,39.34770965576172,0.16045142710208893,0.5329410433769226,0.5887311610171226,0.23770347237586975,0.8169834613800049,3.826537847518921
sweep_00051,16.76306346134431,9.211874580853856,5.41062391758115,8.172435259938542,6.260908531223319,10.572360223112588,26.098135935501144,23.93726127289326,46.14971814287952,11922.776043670641,46.14971814287952,25.346519470214844,55.021705627441406,0.17326198518276215,0.829489529132843,0.6652290733053996,0.32223424315452576,1.0058908462524414,4.433375358581543
sweep_00052,9.101118292200878,12.26721666070745,3.308649830195697,5.535811081769443,6.447959072075431,7.334715853055466,22.60193989157186,20.64037183027887,36.82777811183867,11599.616247197037,36.82777811183867,20.297502517700195,41.2995491027832,0.2048063427209854,1.034867525100708,0.6553119134874819,0.2792806625366211,1.2127079963684082,6.034998655319214
sweep_00053,10.651321761428463,9.4732078682512,8.702452443995071,7.2311753890991195,11.335788960129726,6.988829652760232,22.06640781294738,15.370497313808434,41.06818342133014,11721.687362873334,40.999562516535306,23.016803741455078,47.8665771484375,0.20156735181808472,0.723097562789917,0.6201956264260695,0.2216372787952423,1.178476095199585,7.079814434051514
sweep_00054,4.383764836581676,6.16533426333663,35.29845146196503,3.6388119518820745,3.7911640328622016,6.331134365359019,41.58967385845393,41.724016716228114,68.0748818864764,24974.219314871712,67.55794750798488,37.590660095214844,68.92353820800781,0.19629916548728943,1.185081124305725,0.6444807417288462,0.4225757420063019,1.1391115188598633,5.398051023483276
sweep_00055,3.3602254717207902,7.985666713281668,44.63006952033173,5.750347804698325,7.315740934358671,4.3257685900864224,52.004903036945485,50.84980088802018,86.81691847629064,30448.787142688314,86.36756765556885,46.33925247192383,87.57273864746094,0.2228761911392212,0.7854553461074829,0.5935471527453292,0.5302004218101501,1.1129326820373535,5.050601243972778
sweep_00056,0.9328034361459826,7.44859447456534,30.295577817577914,6.531077009151323,5.335839335766748,1.0930781147950392,40.54582970970636,28.242321946871204,74.69134965583773,19777.659802083464,69.87951837353792,31.519704818725586,74.80018615722656,0.15889710187911987,0.7916449308395386,0.6889484905543819,0.28202134370803833,1.044497013092041,4.85358190536499
sweep_00057,15.231693366574481,2.2888503849778274,19.43827761045852,2.1847261508789884,8.289801178838095,5.536107452741775,25.51172984115902,29.446479797885136,45.73160338360212,15623.601106888622,45.73160338360212,27.355329513549805,52.45893096923828,0.140563502907753,0.6129302978515625,0.6246039297244126,0.30840328335762024,1.0668327808380127,4.894115924835205
sweep_00058,15.832388579509686,1.6974566391456023,27.82859444387046,2.286093273265986,8.45585514454094,4.150017701901886,43.263631955132084,33.291172591158066,78.17043316729848,25290.999142586523,78.1352989518398,34.06499481201172,78.71041107177734,0.25676894187927246,10.840517044067383,0.7717625125804544,0.34797972440719604,1.2917356491088867,6.187150716781616
sweep_00059,3.648734291328243,1.6868529415146871,26.838344745083415,5.323989204932371,8.256119943095864,2.0027865325934417,46.769526919705726,39.95414532036849,65.88769771292266,12356.657098693975,65.88769771292266,27.85953712463379,65.9224624633789,0.2808855473995209,12.672208786010742,0.7776119183920083,0.3904305398464203,0.7752432823181152,3.9338576793670654
sweep_00060,3.4280674253487073,7.442893274015919,2.014030176317497,6.043590784185599,6.848940700315568,8.26741576486758,18.567884470778658,12.118292964158021,28.189149418359595,3671.8888523910673,28.017225704925732,16.216217041015625,40.753318786621094,0.2302810251712799,0.8535318374633789,0.6661453075174641,0.23341527581214905,0.7974677085876465,5.111528635025024
sweep_00061,7.670839702317085,5.226649050908308,9.258624209121216,5.959220279756453,10.817846804549863,6.653805697717322,23.56407811689262,13.597005081854967,39.971505428951744,7104.267327379935,39.14365048181003,19.199491500854492,45.67938232421875,0.18710404634475708,0.8332235217094421,0.6775678829780304,0.21541430056095123,0.8902080059051514,4.224905252456665
sweep_00062,14.480680357988286,8.58219543017523,7.021204103984422,3.828037040159911,10.173163881670026,5.358770945851432,22.28435134037826,23.763873180649753,38.47392494683605,7589.033403730249,38.47392494683605,22.37961196899414,44.328792572021484,0.19802045822143555,0.5123336911201477,0.5543191041549136,0.29209187626838684,0.7191164493560791,3.5728209018707275
sweep_00063,13.449595734930353,5.194165968229112,20.449362859615437,14.287121937185875,6.499937614720933,9.673116822974823,26.4888445327072,33.3968970635269,50.398942984232576,14761.77713430028,50.398942984232576,31.192760467529297,62.30708694458008,0.18974384665489197,0.829159140586853,0.6352658541181779,0.3940555453300476,0.9427874088287354,4.475757122039795
sweep_00064,2.951801386571054,3.914477424276135,10.484688754718428,8.002864167945814,3.6342603954075985,5.400312353077106,30.022770348570717,17.600371656357023,43.68534718583678,7371.719750928543,43.68534718583678,17.859821319580078,45.849205017089844,0.24614869058132172,1.155674934387207,0.6987373886608912,0.3138871490955353,1.0111029148101807,4.778968811035156
sweep_00065,2.500963927432103,7.376915556250719,9.3566874353976,7.194676547534342,10.946238710701234,6.153630052422663,16.061830758358177,20.585922421247712,25.977185338879874,7113.702798911612,24.220911605695697,19.312055587768555,31.755319595336914,0.2675181031227112,0.9157002568244934,0.5498511221518582,0.2784079909324646,0.9437956809997559,4.612184047698975
sweep_00066,8.465198000857708,5.514276345345682,25.214298632090994,6.0225851170039535,6.165759868195648,0.8072773251764715,27.700450073691997,29.59853416436738,49.11392900636931,13843.26168993358,48.878858366032766,28.06442642211914,49.7807731628418,0.19035111367702484,0.5147333145141602,0.5332171660655066,0.30011650919914246,0.8873295783996582,4.220997095108032
sweep_00067,1.6444245913909383,9.886086055298982,33.690115361363446,4.740149587025806,6.72316464664057,9.326334110319142,41.23694319792794,28.206009167479035,81.47913786371517,20146.944310903244,81.43527936149007,38.109291076660156,84.32323455810547,0.23824580013751984,1.547722578048706,0.697061955553455,0.32833942770957947,1.0093042850494385,6.47564435005188
sweep_00068,1.0543705661377247,10.858520701482862,22.725809491179394,6.095969525060381,2.699311907344062,2.6512653467451015,32.60983231544877,31.989963930918748,53.73518287810495,8968.287657601764,53.17246490604649,25.906652450561523,54.50111770629883,0.2239905297756195,0.7223572731018066,0.6072877886520143,0.3241761326789856,0.6251869201660156,3.8944272994995117
sweep_00069,4.238902406781481,1.6774218759705595,21.68458237577816,1.904577982063323,1.9892113039030648,5.736103213180312,24.80623376142967,28.706832712965692,46.2194686618878,10515.67052134574,46.2194686618878,23.628061294555664,49.36398696899414,0.17800402641296387,0.6418900489807129,0.6220189460744441,0.3040357828140259,0.9033050537109375,4.603940725326538
sweep_00070,4.436376119164439,16.4587388487193,23.873336161078768,10.052184644307241,2.056360381353446,3.732873024992026,34.4993985925057,31.515604505591973,60.20825945071365,16495.954047423256,59.79931430140795,30.69150733947754,61.42870330810547,0.20580562949180603,0.8974024057388306,0.6355185259551022,0.33143150806427,0.9090883731842041,4.774710178375244
sweep_00071,15.02217829704328,12.35567586394136,47.588163307289875,5.389478803812773,3.871909826695776,14.382752826951693,53.116724849397265,55.09585476634016,100.15349623590457,33721.55626300628,99.51079116453549,55.596214294433594,105.57181549072266,0.28827911615371704,0.9789708256721497,0.5894542663928526,0.5589010119438171,1.0914008617401123,5.534910678863525
sweep_00072,8.507348598167384,6.6232090054281985,2.8189638471367986,12.011854217833507,5.291571477064952,6.564819512822263,15.113882567740875,15.358996406615239,26.11389364112131,5728.914111168228,26.11389364112131,18.070781707763672,31.694591522216797,0.24684879183769226,1.0312070846557617,0.5952340155824669,0.219668909907341,0.8365147113800049,4.240673780441284
sweep_00073,7.1601072677328474,12.493223205380547,14.615051383351721,2.8551914084428938,15.398941816618239,10.82336035005879,33.44997260567619,18.98437062740053,66.57267038753096,10781.224195429642,61.17987767273025,27.060895919799805,72.21648406982422,0.23095844686031342,0.916103720664978,0.6865857022126571,0.26562249660491943,0.9140560626983643,4.410927772521973
sweep_00074,17.50051906260598,4.475218899400942,2.5681716551360516,9.141638910238484,4.594661978630907,5.1871986923818385,21.826990201964982,23.57385805075633,38.736747931098115,7190.1468320042495,38.558352288878446,21.380708694458008,44.88646697998047,0.2318495362997055,1.37788724899292,0.6777034320881989,0.2611978054046631,0.7404947280883789,3.982931613922119
sweep_00075,13.807440791852235,10.326277174934903,9.018100870688539,12.65770077236503,8.235734387631078,9.68308626574754,25.53461023489845,20.410745867058598,44.42624130882169,9313.93902026026,44.42624130882169,26.27144432067871,53.62910842895508,0.18835660815238953,0.6183940768241882,0.6027686091123104,0.2889561653137207,0.8693645000457764,5.816231966018677
sweep_00076,1.8555621752435245,16.643533690175527,10.220657558785804,13.954778105085337,7.702931033967392,8.25166526731208,32.913028606841095,21.480436595361407,67.29333888345884,11567.8737257244,63.77639436495229,25.96190643310547,70.4367446899414,0.29384616017341614,1.6180673837661743,0.724906066691297,0.323565274477005,0.9317858219146729,5.367708444595337
sweep_00077,6.594730983180797,17.549102532284913,21.59603830702363,8.013359962083259,16.667480013970973,11.139757213428227,33.025856232263095,22.30649816925419,73.20419265528258,17112.38681999135,68.18920130500072,35.0507926940918,79.75082397460938,0.22755447030067444,0.8464087247848511,0.6458245702005192,0.3012620806694031,1.0263500213623047,4.851905345916748
sweep_00078,17.43272500923834,2.934812142479436,12.509116959061402,5.065210135529862,15.7192963338557,2.030620105955448,30.927048321041497,20.468223794996725,55.495373661139766,15873.614119765165,53.49927181969116,28.762720108032227,58.289268493652344,0.26243719458580017,2.603109836578369,0.7028676262254996,0.30400946736335754,1.318300485610962,5.758735179901123
sweep_00079,3.872351795366061,5.5501536617113025,29.376527010522505,7.537747608976437,2.773507548443239,3.662908245713454,34.478841642254324,36.39019601336481,55.71738585804101,15922.782956339659,55.53456046375236,30.728490829467773,56.81477737426758,0.27777937054634094,1.5357253551483154,0.6391339340268182,0.35181668400764465,0.9159436225891113,4.415081739425659
sweep_00080,2.3398098294516547,1.7095078671718795,24.3037524004219,3.0693769481505253,1.4044007363095465,0.8460042505466441,28.32621055440962,31.468308358796115,49.505205818167546,10872.013627446158,49.3142417454691,24.64417839050293,49.52626419067383,0.1828027367591858,0.6667972803115845,0.6141257186479567,0.31825610995292664,0.7624006271362305,3.8660061359405518
sweep_00081,4.286067508783521,4.030881385826358,17.847529795718945,5.431680338187832,3.597774636166044,3.9162671771642175,21.31494083390254,26.376856529284098,39.498833941701605,9004.205253558352,39.498833941701605,19.91775894165039,42.35385513305664,0.18602821230888367,0.7961602807044983,0.648036496512016,0.27243033051490784,0.929114580154419,5.506495237350464
sweep_00082,11.555104073852544,5.750863254129532,20.25459093771771,10.356123266048773,9.885948257077999,4.15985625991019,27.740749558701093,37.35812465977122,47.7650464065065,15488.870263716019,47.7650464065065,27.13469123840332,49.59284591674805,0.2299865484237671,0.8424994349479675,0.5899347221426967,0.35539305210113525,1.0610263347625732,4.913806200027466
sweep_00083,4.956533611136262,4.364748216945822,48.7040223107034,5.104462798639745,7.2679866863142415,7.477876760119361,51.69344559701712,58.64972420686608,91.84015868742415,33262.65375161772,91.8349371074552,51.92841339111328,95.44686889648438,0.30401909351348877,13.8842134475708,0.7170237753826363,0.6175724267959595,1.111454963684082,5.256648063659668
sweep_00084,5.138551733935359,1.0960406261886955,11.139246246749176,15.399422407814104,2.5095242995053977,4.759116220370649,18.47422414135581,26.486560764787576,25.552272707454915,6546.151075859893,25.26775277485921,17.879854202270508,34.79654312133789,0.22175507247447968,0.7819059491157532,0.6012758362910763,0.3715185225009918,0.9168124198913574,4.230881214141846
sweep_00085,7.3136961795810125,6.87150599016128,26.7246856372794,5.477030826370316,10.22864562311773,6.433787520836776,25.647229944026833,29.353545917405704,51.89251161499439,17466.391767343663,49.27338593655548,30.205636978149414,53.84233856201172,0.23364707827568054,0.9974561929702759,0.602377736676134,0.31708166003227234,1.051339864730835,4.789541721343994
sweep_00086,14.782136395865678,4.087837002182718,16.675450744000504,3.1951568772468506,11.274350960609237,3.0947800767415985,28.92390896042431,35.14757918368681,43.895134937657964,10713.299036630026,43.5528585699448,25.20838737487793,46.73054122924805,0.18402507901191711,0.8950052261352539,0.6274726065356683,0.38878071308135986,0.8167974948883057,4.068896770477295
sweep_00087,15.866894066032378,2.9412825914464404,10.309099929746617,7.905846065030366,6.968605836280889,5.379970898677777,24.06829005910408,22.72856603833341,39.866597082474534,11333.054098555065,39.866597082474534,22.414234161376953,45.80839538574219,0.15656204521656036,0.7071624994277954,0.6446506053648273,0.2669321298599243,1.0285701751708984,4.8430798053741455
sweep_00088,4.140820248632208,4.37798254709632,7.79976099873033,8.894500505895053,7.100425269159968,7.439587417775884,19.96234993549721,28.302880678776596,26.550527081773453,6120.928312702725,26.464409502463706,18.007892608642578,34.39397430419922,0.28049373626708984,1.0280678272247314,0.6017936048429251,0.3237896263599396,0.9684069156646729,6.073739051818848
sweep_00089,4.138213739364289,5.269848775462116,7.079804134807737,9.76527026877079,7.323026998402982,7.6175269659337905,14.979358430176251,16.292212989910787,24.97357690136675,6058.558291836961,23.78001207004431,17.33709716796875,37.46674346923828,0.24687421321868896,0.7861038446426392,0.6116095999551745,0.2258693128824234,0.9705789089202881,5.208450555801392
sweep_00090,5.600464626268611,6.08292070651967,25.107508537020664,4.019621440247971,6.014605668435175,4.3214009127771735,36.242800448488026,37.55957424806676,53.94124277134216,17794.80095331076,53.47163952460367,28.049118041992188,54.8586311340332,0.17010970413684845,0.799157977104187,0.6379203256280013,0.36545976996421814,1.0937891006469727,5.555990219116211
sweep_00091,8.807410587114735,7.697296659652755,32.27395474807512,7.28143427192345,8.721589325816552,5.781187412306348,45.09433051112439,34.51681685608541,72.00093462326662,26083.480756475317,71.87693791775392,36.466793060302734,72.99501037597656,0.1944531351327896,4.7219953536987305,0.7296202267262989,0.4052262008190155,1.3814411163330078,6.063114643096924
sweep_00092,2.3645011501262347,5.451896094995325,25.60529297862502,6.667296258018246,0.7256995189348596,0.5587697017351713,35.07006545756355,30.52688280199603,57.18904043487861,14111.12310005782,56.834388966439285,26.46474838256836,57.2390022277832,0.16486603021621704,0.4252791404724121,0.5749896909501491,0.3077975809574127,0.9192287921905518,4.492350101470947
sweep_00093,1.4125544800052017,1.100994368385485,24.77025660401362,0.7927959043837426,5.092152817380675,7.181536835657981,31.561142752533875,30.969462184643827,51.06288582537829,13346.006861581769,51.06288582537829,27.01255226135254,54.7291145324707,0.15156859159469604,0.5731906294822693,0.6210010645251317,0.3345791697502136,0.9335222244262695,4.3478782176971436
sweep_00094,1.3491640706012664,9.025028811066624,22.289868958580403,10.893798616298184,4.5861761095438105,3.5777664657793786,42.02008807789432,27.208618486602937,65.79999254832197,20499.641087250377,65.35258999314652,26.886550903320312,66.48395538330078,0.2106546014547348,6.556580543518066,0.7817323311941304,0.2999836802482605,1.5158069133758545,7.881922960281372
sweep_00095,2.075937294570522,10.924735716088978,40.062070154890655,5.612237154644887,7.395213044613902,11.274804616970163,49.14715420846028,47.290482660966774,86.6698260304866,35586.92106101635,82.61991064243837,44.51713180541992,90.0700912475586,0.24750913679599762,0.9573603868484497,0.6236086205522127,0.47951164841651917,1.4950098991394043,7.477828502655029
sweep_00096,10.966541083786655,8.49863244701844,16.363424083727253,24.11094299720871,3.5564219189308313,4.949127724637681,24.51703379184609,33.18642565820682,42.30859533268556,10416.513702778913,40.28109751078057,27.99459457397461,43.749412536621094,0.3163326680660248,1.2743608951568604,0.5559432401590293,0.3776716887950897,0.8151769638061523,4.111265420913696
sweep_00097,13.889781752952137,8.506205483070294,4.642088194315488,6.1289543255919385,8.634865802541123,11.78619643240605,19.430786994696962,18.29787356603327,37.268009656537345,9502.407265839174,37.268009656537345,25.706539154052734,45.41674041748047,0.23698043823242188,1.056033730506897,0.6047896261379107,0.2796638607978821,0.918499231338501,4.525303840637207
sweep_00098,13.265643802471688,8.840228659776791,6.8370796559152485,2.4010481171718934,7.2037625392343685,7.505474984234057,24.89776832783268,23.4651758596448,38.18364505027707,6849.7965741295975,38.15654706914041,20.839475631713867,42.46418380737305,0.18645252287387848,0.5362285375595093,0.5807674464203076,0.2751880884170532,0.7185728549957275,3.7396628856658936
sweep_00099,10.299625557884296,10.296248809390235,6.50975018815848,4.91498801099795,4.697770279097546,11.087655745165844,25.89721945827495,26.29995493158346,42.80483351478672,7681.544198821087,42.80483351478672,21.656225204467773,50.89577102661133,0.19172710180282593,0.5152734518051147,0.6012052341393699,0.3474670350551605,0.8685026168823242,5.687862873077393
