quantile,scale,fdr,gpe,lpe,tusrec_final_score
0.0,0.0,99.99999897167739,39.49509620666504,0.40449997286001843,0.6252156555243227
0.0,0.1,100.06849595737265,35.660165786743164,0.3644336660703023,0.6314560277039934
0.0,0.2,98.84931899015403,31.78382142384847,0.3255383372306824,0.6388708631201614
0.0,0.3,94.03571325764706,27.85998598734538,0.28828520079453784,0.6483775763206201
0.0,0.4,85.00197927598809,23.90532620747884,0.25343411415815353,0.6592512489778106
0.0,0.5,72.82133375760144,19.988227526346844,0.222201277812322,0.6708851863471456
0.0,0.6,62.98781072289962,16.267020225524902,0.19653218736251196,0.6802494807135897
0.0,0.7,65.53007622446803,13.106337229410807,0.17911140124003092,0.6793869318910742
0.0,0.8,90.59490874791607,11.139524618784586,0.17255816360314688,0.6502504013652629
0.0,0.9,129.7862634616857,11.502975304921469,0.1777298003435135,0.6189060618675184
0.0,1.0,178.77461002416234,14.250828742980957,0.19339709480603537,0.6205815258301873
0.1,0.0,99.91881346259714,39.46764691670736,0.4044581900040309,0.6252446971574911
0.1,0.1,100.30043633039304,35.58190600077311,0.36440324783325195,0.6313933645826673
0.1,0.2,99.34404957080028,31.653287569681805,0.32551753024260205,0.6387412016500066
0.1,0.3,94.71693975492245,27.675371487935383,0.2882712036371231,0.6482122531925504
0.1,0.4,85.74318538795171,23.664513905843098,0.2534259259700775,0.65901069789201
0.1,0.5,73.31712642563564,19.68195168177287,0.22219642251729965,0.6709304287264635
0.1,0.6,62.55965187982159,15.890912373860678,0.1965283378958702,0.6805440654758884
0.1,0.7,64.00970762067367,12.658881664276123,0.17910281817118326,0.6799112986778524
0.1,0.8,88.12587070858599,10.669145901997885,0.17254496117432913,0.6507471108553458
0.1,0.9,127.07989825440256,11.176901817321777,0.17770923177401224,0.6188412798206532
0.1,1.0,175.91052507946006,14.077645619710287,0.193367600440979,0.6219655679803062
0.2,0.0,101.05241205272449,39.4526793162028,0.40419893463452655,0.6252539804616853
0.2,0.1,101.79010716100834,35.521884282430015,0.36419545114040375,0.6311347988206008
0.2,0.2,101.0023601264141,31.54146162668864,0.3253563344478607,0.6382965257918173
0.2,0.3,96.43358437512575,27.504535992940266,0.28815193474292755,0.64778511655387
0.2,0.4,87.34042381390226,23.42539914449056,0.25334447622299194,0.6591882503240407
0.2,0.5,74.40336476539933,19.362130165100098,0.22214572131633759,0.6713296828198745
0.2,0.6,62.24692268468243,15.476540565490723,0.19650012254714966,0.681010568627373
0.2,0.7,62.163898487570975,12.140366395314535,0.17908510565757751,0.6803631459536424
0.2,0.8,85.39568959841746,10.122089703877768,0.17252536863088608,0.6516773570372328
0.2,0.9,124.3067814362521,10.81108045578003,0.17766925195852915,0.6204988546146127
0.2,1.0,173.2554188467166,13.913628737131754,0.19329061110814413,0.6243859828865398
0.3,0.0,101.9772287344353,39.43571027119955,0.40335698425769806,0.6249761498667895
0.3,0.1,103.10297057883521,35.45691426595052,0.3635052641232808,0.6310242686600492
0.3,0.2,102.36658797306187,31.422245343526203,0.324811910589536,0.6383395722595789
0.3,0.3,97.74785341053327,27.324684143066406,0.28774381677309674,0.6477519144782421
0.3,0.4,88.47431029978493,23.17724672953288,0.25305769095818204,0.6595059294986864
0.3,0.5,75.05277452354392,19.036572615305584,0.221962700287501,0.6713314491104075
0.3,0.6,61.69963269301763,15.063191731770834,0.19639477878808975,0.6810503711269056
0.3,0.7,60.459052560996746,11.630395889282227,0.1790266235669454,0.6802985759957046
0.3,0.8,82.6155569730292,9.602400620778402,0.17247194051742554,0.652429061634091
0.3,0.9,121.16204787153411,10.468666871388754,0.1775747314095497,0.6224930942159314
0.3,1.0,169.85280351825944,13.753466288248697,0.19311615079641342,0.6262159743962554
0.4,0.0,101.69733467824994,39.47697957356771,0.4014151344696681,0.6238725744480315
0.4,0.1,102.61763930510504,35.44049199422201,0.3618919452031453,0.6299541230964341
0.4,0.2,101.7853003615899,31.34115695953369,0.32351461549599964,0.6372895450394142
0.4,0.3,97.20756140175432,27.171617825826008,0.28674111266930896,0.6475126645662116
0.4,0.4,87.98806726465881,22.946679433186848,0.25233397881189984,0.659295365125614
0.4,0.5,74.4347224157205,18.72225554784139,0.22149993975957236,0.6708139795392466
0.4,0.6,60.401341209378785,14.657696406046549,0.19615311920642853,0.6804238672198227
0.4,0.7,58.638694906035404,11.13272245724996,0.17893379429976145,0.6791111577594048
0.4,0.8,79.9600879769109,9.1203773021698,0.17242541164159775,0.6529273148905977
0.4,0.9,117.63984850273958,10.160246054331461,0.17747241258621216,0.6246258999465062
0.4,1.0,165.38771728119966,13.608577251434326,0.19286962101856867,0.6267692958508114
0.5,0.0,108.84442133288508,39.25100580851237,0.397705798347791,0.6269264780988467
0.5,0.1,107.86014673830981,35.21088091532389,0.3588333974281947,0.6329241761593046
0.5,0.2,105.56777359996693,31.100226720174152,0.3210861434539159,0.6393303354560905
0.5,0.3,100.02123451997056,26.911932627360027,0.284915030002594,0.6486487185009199
0.5,0.4,90.07521898697907,22.66247812906901,0.25106828411420185,0.659908967659077
0.5,0.5,75.74567193551377,18.41149838765462,0.22072661419709524,0.6710309264377735
0.5,0.6,60.23185343598994,14.31866423288981,0.19577962656815848,0.6793058715043824
0.5,0.7,57.2973700897416,10.755676825841268,0.17880071451266608,0.6752816510740395
0.5,0.8,76.2424035457843,8.749078750610352,0.17233080665270487,0.6489357862834259
0.5,0.9,111.85042785822367,9.858201106389364,0.1772073283791542,0.623928827346184
0.5,1.0,157.44685896894202,13.396719773610434,0.19227886448303858,0.6273266854883178
0.6,0.0,108.12216117530244,39.10023053487142,0.39068826536337536,0.6312969149140059
0.6,0.1,105.96042000216254,35.05960782368978,0.3530295689900716,0.6367386600337007
0.6,0.2,102.74528387667873,30.932299931844074,0.31646090745925903,0.6426533922464776
0.6,0.3,96.68927840088391,26.721516291300457,0.2814279993375142,0.65066929358262
0.6,0.4,86.6327346761599,22.450881640116375,0.2486403708656629,0.6605168189297431
0.6,0.5,72.74111898100261,18.182641347249348,0.21923205256462097,0.6703235373688284
0.6,0.6,58.32818022910212,14.070289611816406,0.19503454864025116,0.6764098957855591
0.6,0.7,55.88768122215517,10.45355256398519,0.17854038625955582,0.6693718730672376
0.6,0.8,72.8516286424059,8.376310189565023,0.17215754836797714,0.6459246919013795
0.6,0.9,103.93102780589196,9.46105670928955,0.1767276550332705,0.6263117717007683
0.6,1.0,144.2315813650313,12.948367436726889,0.1911794270078341,0.6282936911074349
0.7,0.0,118.59552824793384,38.74231274922689,0.3773852338393529,0.6403497025563922
0.7,0.1,115.57732548025405,34.73368263244629,0.34210580090681714,0.6450788241342397
0.7,0.2,110.0948186804374,30.617793401082356,0.3078325341145198,0.6502898041598656
0.7,0.3,101.63008918898599,26.409674644470215,0.2749841958284378,0.6570679602351911
0.7,0.4,90.12067630662949,22.14575449625651,0.2442259540160497,0.6652446113694949
0.7,0.5,76.30363690896642,17.89981524149577,0.21661313126484552,0.6727600493758921
0.7,0.6,63.1968325885766,13.814409414927164,0.193837508559227,0.6755344520368524
0.7,0.7,58.461729649746104,10.191413323084513,0.17820517967144647,0.6671817679460177
0.7,0.8,69.60257474908973,8.114387114842733,0.17200719813505808,0.6416346443561834
0.7,0.9,93.97964249578861,9.210078477859497,0.1760916287700335,0.6284750253694945
0.7,1.0,127.01815686258124,12.583230972290039,0.18950229386488596,0.6322825828743395
0.8,0.0,164.70563726506484,37.96286646525065,0.3489518165588379,0.6515541813324051
0.8,0.1,149.93496948995968,34.02418295542399,0.31871529916922253,0.655546554650774
0.8,0.2,135.03614762004676,29.974061330159504,0.289289469520251,0.6599137933956541
0.8,0.3,119.59472527218715,25.84002908070882,0.2610318660736084,0.6653921079920876
0.8,0.4,103.42673016667048,21.659406661987305,0.23450002570947012,0.6717861666012569
0.8,0.5,86.85178624776272,17.501457532246906,0.21059497942527136,0.6770296860811696
0.8,0.6,71.41760903386968,13.499483585357666,0.19079682727654776,0.6769340343231253
0.8,0.7,62.14042680974021,9.947717984517416,0.17710496733585993,0.6607734143103539
0.8,0.8,67.52000974410949,7.98181947072347,0.17157948513825735,0.6333560752759559
0.8,0.9,85.02396100482177,9.098491271336874,0.1750014324982961,0.6295607066799743
0.8,1.0,110.78062633929976,12.271822452545166,0.18653105199337006,0.6355216249554926
0.9,0.0,183.19305915687997,36.24439938863119,0.29230498770872754,0.6752763874072288
0.9,0.1,164.8145103637937,32.465932846069336,0.27153108020623523,0.6767361749807943
0.9,0.2,146.5698472941787,28.60415204366048,0.2512797812620799,0.6783412303100597
0.9,0.3,128.4817263954465,24.686957359313965,0.23180755227804184,0.6809013069918354
0.9,0.4,110.64696781800647,20.75725523630778,0.21351147691408792,0.6829120174902935
0.9,0.5,93.3559628130436,16.876849969228108,0.1970249613126119,0.6833428580573768
0.9,0.6,77.41480103519856,13.13057311375936,0.18338617434104285,0.6784836180184107
0.9,0.7,65.06215009703169,9.79079500834147,0.17403528839349747,0.6636008784317914
0.9,0.8,60.61640914818822,7.929418563842773,0.17046539733807245,0.6373641032386484
0.9,0.9,66.76691128032915,8.822703997294107,0.17318755636612573,0.6339672931181207
0.9,1.0,81.5681425720572,11.550490697224935,0.18153303861618042,0.6466438459849009
1.0,0.0,75.8494406836502,8.857982635498047,0.17057238767544428,0.6615005454838455
1.0,0.1,75.24419037004633,8.87147037188212,0.17027815183003744,0.6567417114646794
1.0,0.2,74.68132196079416,8.887222528457642,0.16999350488185883,0.6513226078463544
1.0,0.3,74.16275636850067,8.905205647150675,0.16972369203964868,0.6486081199310779
1.0,0.4,73.68969064342069,8.925422509511312,0.16948329408963522,0.6463654902894557
1.0,0.5,73.26249323445445,8.947876930236816,0.1692940518260002,0.6440157639191278
1.0,0.6,72.88072287773046,8.97254745165507,0.16916906088590622,0.6419086480487078
1.0,0.7,72.54326343484708,8.999451319376627,0.1691206768155098,0.6411245355149906
1.0,0.8,72.24853019509915,9.0286332766215,0.16915545612573624,0.6413446610499743
1.0,0.9,71.99469008249007,9.060147364934286,0.16925771286090216,0.6414774152937698
1.0,1.0,71.77985004735781,9.093996922175089,0.16942092527945837,0.6436244103543521
